TIME;0;1140;2207;3273;4342;5413;6490;7565;8643;9723;10807;11898;12989;14085;15177;16268;17363;18460;19557;20656;21755;22853;23949;25006;26075;27139;28205;29272;30320;31362;32422;33500;34576;35654;36735;37819;38902;39989;41076;42164;43255;44346;45441;46537;47633;48728;49830;50935;52038;53145;54253;55356;56465;57570;58676;59786;60892;61996;63061;64133;65203;66271;67344;68417;69476;70534;71610;72689;73769;74845;75932;77011;78097;79182;80268;81358;82451;83544;84638;85735;86836;87935;89041;90142;91247;92355;93462;94575;95682;96790;97901;99012;100118;101227;102328;103396;104467;105539;106614;107689;108765;109826;110878;111942;112992;114057;115135;116209;117287;118366;119449;120537;121627;122717;123814;124912;126011;127114;128222;129327;130428;131531;132638;133745;134851;135964;137076;138189;139302;140414;141530;142641;143691;144761;145841;146917;148000;149085;150166;151215;154379;155433;156488;157534;158581;159720;161148;162198;163248;164313;165388;166464;167538;168619;169701;170788;171871;172962;174052;175142;176236;177331;178426;179526;180622;181727;182832;183939;185045;186151;187265;188376;189486;190595;191710;192822;193931;194981;196050;197101;198171;199247;200323;201399;202475;203552;204609;205663;206749;213847;216619;217674;218733;219793;220858;222585;223637;224686;225731;226779;229080;230128;231176;233108;234678;235729;236779;237830;239032;240081;241129;242178;243243;244317;245394;246475;247554;248635;249717;250808;251900;252993;254082;255177;256275;257375;258474;259577;260676;261782;262888;263997;265103;266213;267321;268434;269545;270657;271770;272884;273994;275104;276234;277289;278339;279388;280456;281534;282608;283683;284764;285843;286907;287960;289012;290095;291194;293857;295803;298114;301740;305380;309011;314875;315929;316985;318039;319098;320150;322974;324024;324625;325076
MEMORY;START;22;50;76;103;117;121;132;155;166;177;187;196;205;212;211;222;226;247;255;247;252;238;45;81;95;98;107;33;31;52;104;120;136;155;156;169;184;196;204;208;217;225;239;246;251;274;287;292;290;301;297;307;302;300;299;294;275;75;98;112;125;132;131;58;63;95;122;140;152;155;164;176;192;204;208;217;226;241;242;249;262;290;296;301;305;309;312;314;315;316;315;312;305;285;72;105;125;136;143;146;59;100;57;1231;83;114;134;148;157;167;180;191;202;211;223;232;241;249;256;295;293;299;303;308;311;314;315;322;313;307;289;94;131;152;165;173;176;184;93;8511;240;213;3987;3987;7926;4010;8434;4504;104;134;155;166;176;178;197;207;209;226;229;237;253;254;260;268;305;304;309;320;322;326;329;331;324;325;322;319;70;436;212;238;267;274;289;288;296;195;156;249;45437;45437;227;284;315;62;14295;14295;14295;14295;14295;28533;28577;28577;14336;28555;30325;30325;30325;16097;16097;16097;16097;97;133;153;168;178;188;196;209;220;228;238;247;256;264;271;278;284;313;319;324;328;332;334;335;337;338;339;336;330;317;262;271;317;335;341;369;391;396;402;409;377;329;350;501;452;33085;33085;65853;82237;98621;115005;123741;123741;123793;287;300;259;16445;25085;30;END
TIME;0;1097;2159;3224;4293;5365;6437;7512;8592;9674;10759;11847;12939;14027;15120;16211;17304;18404;19501;20602;21695;22797;23892;24975;26041;27108;28176;29237;30286;31344;32414;33485;34561;35633;36708;37785;38865;39951;41036;42126;43218;44315;45407;46499;47597;48694;49794;50896;52001;53106;54211;55320;56427;57532;58641;59746;60850;61950;63014;64082;65153;66226;67297;68368;69414;70465;71527;72598;73672;74748;75824;76903;77988;79072;80156;81244;82331;83426;84517;85613;86714;87816;88916;90023;91125;92231;93338;94450;95564;96677;97788;98900;100010;101120;102179;103246;104323;105402;106480;107559;108639;109716;110778;111844;112895;113961;115031;116113;117193;118275;119357;120443;121533;122624;123717;124813;125909;127010;128115;129222;130332;131447;132554;133670;134780;135887;137000;138112;139223;140338;141387;142453;143526;144599;145677;146761;147842;148920;149986;152755;153809;154860;155908;156957;158004;159625;160675;161724;162773;163842;164916;165994;167072;168155;169243;170334;171426;172518;173612;174716;175817;176917;178023;179125;180228;181338;182448;183561;184675;185783;186890;188000;189115;190227;191338;192452;193510;194577;195628;196698;197771;198847;199927;201006;202074;203149;204234;208558;212654;215770;216823;217885;218943;220007;221806;222856;223906;224955;226005;227826;228875;230498;232172;233219;234268;235316;236365;237413;238456;239504;240552;241621;242696;243777;244854;245937;247018;248105;249194;250285;251376;252473;253571;254669;255769;256871;257973;259081;260185;261291;262400;263512;264624;265737;266843;267957;269072;270183;271294;272399;273470;274549;275608;276667;277739;278813;279886;280962;282039;283114;284191;285250;286348;287408;288482;291627;292804;297957;301960;305960;312362;313413;314471;315528;316590;317650;320565;321617;321777;322669
MEMORY;START;22;56;74;102;109;128;134;158;169;180;185;194;207;215;214;219;254;254;256;254;251;236;62;91;103;108;92;31;56;92;117;129;146;156;166;179;189;198;209;211;220;235;236;249;256;278;290;293;292;302;305;307;301;307;306;293;272;84;99;113;132;138;138;42;120;73;109;126;141;150;160;173;182;191;208;218;219;228;236;243;258;264;294;301;306;310;306;308;310;310;308;305;296;53;86;118;126;138;151;154;149;224;58;1140;81;119;144;159;168;180;195;205;216;228;237;240;255;263;269;293;306;311;315;318;320;321;321;318;303;61;103;140;155;175;180;183;171;129;8510;253;49;3987;3987;7922;4010;8434;4504;63;117;138;161;170;180;189;196;208;221;229;239;247;254;260;268;298;304;310;315;319;322;324;326;326;324;328;313;98;436;207;247;268;283;289;288;372;164;243;16541;45437;45437;227;272;301;63;14295;14295;14295;14295;14295;28533;28577;14336;28555;30325;30325;30325;30337;16097;16097;16097;16109;124;153;166;182;193;201;209;224;227;245;254;256;271;278;286;292;313;326;331;329;332;335;344;339;339;345;342;336;308;177;588;362;345;354;376;390;402;400;403;403;369;415;396;433;33085;49469;65853;82237;98621;123741;123741;123794;279;317;256;25085;25085;30;END
TIME;0;1084;2149;3218;4293;5367;6440;7515;8600;9691;10784;11874;12965;14059;15155;16251;17349;18442;19540;20644;21744;22839;23901;24968;26039;27108;28146;29186;30251;31321;32394;33467;34541;35620;36701;37783;38867;39953;41046;42140;43234;44329;45427;46522;47623;48723;49831;50937;52040;53146;54248;55360;56467;57574;58682;59783;60850;61920;62989;64059;65131;66205;67247;68313;69377;70448;71524;72598;73675;74754;75839;76927;78017;79110;80208;81310;82412;83512;84619;85717;86828;87927;89034;90142;91244;92351;93461;94571;95681;96787;97891;98953;100017;101099;102176;103253;104333;105415;106456;107508;108574;109624;110691;111762;112840;113916;114996;116075;117161;118249;119342;120435;121531;122632;123732;124834;125935;127039;128144;129250;130357;131465;132577;133690;134801;135916;137031;138148;139260;140372;141425;142497;143577;144658;145738;146820;147905;148952;152186;153246;154305;155353;156402;157449;159231;160279;161326;162398;163476;164557;165637;166716;167800;168889;169977;171072;172166;173261;174355;175450;176549;177650;178750;179860;180971;182082;183200;184313;185428;186546;187663;188783;189900;191016;192128;193201;194286;195356;196437;197516;198596;199681;200764;201819;202871;203939;210635;213810;214859;215918;216977;219707;220758;221810;222860;223911;225394;226439;228754;230098;231149;232201;233252;234301;235355;236400;237447;238496;239572;240652;241732;242815;243901;244995;246086;247180;248278;249380;250481;251582;252689;253792;254899;256006;257113;258222;259335;260446;261562;262676;263793;264906;266021;267138;268247;269363;270436;271519;272570;273636;274707;275786;276872;277957;279041;280123;281173;282233;283337;284420;285502;288272;289724;292717;296693;300768;304893;311407;312457;313513;314571;315632;316690;319465;320517;320672;321569
MEMORY;START;28;52;85;103;111;122;133;148;160;172;181;191;199;206;219;218;246;248;248;244;229;67;86;98;100;25;39;73;103;125;143;147;155;167;177;187;197;208;217;225;233;241;247;275;281;287;298;296;299;301;301;301;299;299;275;75;98;112;126;131;134;40;111;71;105;132;148;155;164;184;186;204;205;216;226;243;251;252;282;295;294;305;302;306;308;310;309;306;304;292;76;101;123;131;147;146;152;56;107;56;1231;84;114;134;147;157;166;186;190;205;209;224;232;240;241;249;263;295;299;304;301;305;308;311;321;315;313;314;288;89;126;147;164;172;182;177;91;8511;264;52;3987;3987;7942;7934;8440;4504;107;132;149;162;172;181;193;202;213;221;238;241;251;258;273;273;302;305;311;316;326;330;325;333;331;331;318;299;274;217;244;262;277;287;289;287;177;145;189;45437;45437;56;289;247;14300;14295;14295;14295;14295;28533;28577;14336;28555;30325;30325;30325;30337;16097;16097;16097;16109;132;159;176;187;196;210;219;228;239;248;257;265;273;280;287;319;317;329;333;335;340;343;345;345;346;341;335;313;217;462;335;389;363;383;390;397;409;412;479;368;416;489;468;33085;49469;65853;82237;98621;115005;123741;123741;123793;315;302;279;25085;25085;30;END
TIME;0;1135;2203;3275;4345;5416;6490;7567;8648;9734;10819;11907;12999;14090;15182;16280;17379;18476;19581;20683;21783;22880;23977;25040;26111;27180;28249;29318;30360;31415;32478;33551;34626;35702;36783;37860;38943;40027;41118;42210;43304;44400;45493;46595;47692;48794;49894;50995;52095;53200;54303;55407;56511;57617;58723;59830;60932;62001;63073;64145;65221;66299;67375;68445;69505;70552;71629;72706;73789;74878;75968;77061;78144;79233;80322;81418;82515;83611;84705;85800;86904;88008;89107;90210;91319;92431;93537;94645;95757;96866;97973;99082;100191;101302;102407;103472;104542;105614;106691;107766;108843;109923;110978;112034;113084;114132;115199;116271;117350;118435;119523;120607;121694;122784;123870;124964;126059;127158;128261;129366;130468;131569;132677;133783;134894;136011;137121;138234;139344;140456;141571;142687;143802;144873;145937;147014;148095;149178;150260;151346;152431;153484;156473;157531;158580;159626;160672;161725;163134;164183;165233;166297;167371;168446;169525;170604;171683;172771;173858;174951;176043;177138;178237;179332;180430;181529;182636;183741;184850;185959;187069;188181;189297;190412;191531;192644;193762;194878;195993;197102;198201;199261;200335;201408;202479;203557;204630;205709;206781;207832;208910;216199;219172;220228;221287;222350;223402;225284;226330;227378;228428;229475;230881;231924;232977;234743;236113;237162;238208;239258;240306;241352;242396;243445;244492;245563;246642;247721;248800;249887;250973;252064;253153;254242;255339;256435;257530;258628;259725;260827;261929;263036;264143;265256;266367;267474;268585;269695;270806;271917;273027;274137;275243;276317;277379;278432;279483;280551;281624;282695;283774;284852;285929;287038;288102;289166;290228;291307;294501;296246;298604;302699;306780;310864;315204;317393;318445;319506;320569;321622;322674;323736;325900;326952;327220;328005
MEMORY;START;30;54;84;95;111;129;140;155;167;171;188;191;199;206;213;226;222;255;248;248;244;231;65;88;102;108;107;34;69;84;108;127;138;155;164;178;187;197;207;216;225;226;241;249;255;285;291;297;295;304;306;308;302;306;303;285;64;94;109;121;136;131;135;218;114;104;121;144;147;163;165;186;189;205;207;224;226;234;248;249;262;283;296;301;299;303;312;314;316;317;309;313;307;280;70;104;121;135;149;147;147;71;241;783;689;96;121;138;151;161;170;184;194;203;213;223;231;239;247;254;260;289;295;300;305;309;312;314;314;314;311;303;93;96;137;149;171;179;176;176;99;8511;233;67;3987;3987;7926;4010;8434;4504;90;122;141;157;168;184;189;200;208;218;228;243;251;259;267;275;305;310;315;318;323;320;323;325;326;332;331;327;315;183;245;217;250;265;279;293;288;158;159;246;45437;45437;53;312;267;55;14295;14295;14295;14295;14295;28533;28577;108;14336;28555;30325;30325;30325;30337;16097;16097;16097;16109;139;161;172;190;192;204;215;232;234;249;260;261;270;284;289;319;318;330;335;338;341;342;337;338;339;336;331;315;262;407;325;371;339;373;380;392;400;410;439;346;370;370;427;16701;49469;65853;82237;82237;115005;123741;123741;123741;123791;250;304;254;62;25085;25085;30;END
TIME;0;1147;2204;3271;4346;5421;6496;7569;8649;9733;10823;11915;13002;14093;15185;16280;17378;18473;19567;20668;21763;22861;23952;25017;26081;27145;28217;29281;30327;31379;32443;33514;34593;35673;36755;37836;38919;40002;41089;42174;43263;44354;45448;46543;47639;48742;49844;50951;52059;53161;54266;55373;56476;57583;58687;59794;60894;61961;63029;64100;65171;66247;67323;68371;69433;70497;71568;72644;73719;74794;75871;76956;78039;79124;80208;81300;82393;83485;84582;85676;86780;87881;88990;90097;91208;92320;93430;94538;95648;96756;97865;98975;100090;101199;102247;103311;104384;105462;106544;107628;108702;109753;110811;111859;112928;114000;115076;116153;117241;118325;119412;120500;121591;122683;123778;124873;125969;127069;128170;129273;130377;131483;132592;133701;134814;135924;137033;138144;139255;140372;141487;142600;143713;144783;145851;146928;148010;149090;150170;151249;152327;153384;155895;156962;158011;159060;160108;161200;162575;163622;164672;165720;166769;167840;168915;169992;171072;172149;173237;174327;175416;176510;177603;178702;179800;180899;182002;183109;184210;185315;186422;187534;188642;189751;190859;191969;193083;194201;195314;196428;197492;198574;199641;200714;201788;202864;203939;205019;206097;207158;208208;209281;216838;219927;220976;222038;223109;224171;225949;226996;228043;229089;230140;231761;232811;235077;236224;237275;238326;239374;240423;241472;242517;243566;244619;245668;246718;247788;248863;249944;251024;252110;253195;254287;255378;256472;257569;258668;259763;260861;261957;263061;264171;265278;266385;267493;268600;269712;270821;271933;273042;274157;275264;276328;277422;278504;279559;280623;281697;282772;283845;284921;285997;287072;288153;289212;290317;291370;292464;295044;296253;298643;302692;306739;310793;317221;318273;319332;320387;321454;322512;323572;325437;326490;326786;327541
MEMORY;START;21;47;83;102;110;121;132;154;159;177;180;189;204;205;218;222;221;255;249;256;246;242;54;79;92;101;97;28;50;88;111;135;146;155;164;178;187;197;199;210;219;227;236;243;274;281;293;291;295;298;300;302;300;299;292;266;88;104;126;127;131;133;40;51;90;120;132;150;154;169;174;191;201;210;219;227;230;243;250;258;288;287;292;303;299;310;313;308;309;308;308;310;298;76;94;116;133;142;146;148;50;50;1231;82;114;133;147;157;166;186;196;206;216;225;233;242;249;250;257;287;293;305;301;305;316;319;320;315;314;313;315;293;140;123;142;156;168;180;183;176;115;8510;269;61;3987;3987;7922;4010;8434;8440;4504;4511;117;141;161;175;184;191;207;216;220;235;243;251;252;260;274;306;310;308;312;323;326;329;325;325;332;328;315;97;261;258;251;269;283;290;295;299;182;169;249;45437;45437;54;264;279;61;14300;14295;14295;14295;14295;28538;28577;14336;28555;30325;30325;30325;30337;16097;16097;16097;16109;16109;16109;138;154;175;187;196;210;219;228;232;248;256;264;275;283;289;319;326;331;336;333;336;344;345;345;342;332;159;273;635;336;379;350;371;384;396;409;408;703;368;372;338;467;33085;49469;65853;82237;98621;98621;123741;123741;123793;247;313;283;68;25085;25085;30;END
TIME;0;1082;2142;3215;4290;5367;6444;7527;8613;9697;10788;11878;12965;14054;15152;16247;17338;18432;19525;20621;21716;22806;23864;24929;25991;27060;28123;29161;30224;31287;32358;33429;34501;35578;36656;37740;38830;39919;41014;42110;43209;44312;45412;46514;47617;48718;49821;50929;52039;53147;54257;55363;56473;57580;58683;59722;60792;61861;62936;64012;65086;66125;67175;68225;69295;70373;71450;72540;73637;74723;75812;76901;77990;79082;80175;81271;82370;83471;84575;85678;86780;87881;88990;90098;91206;92317;93424;94531;95643;96753;97855;98922;99993;101069;102141;103217;104291;105342;106406;107458;108507;109576;110651;111733;112809;113893;114975;116061;117147;118238;119331;120425;121524;122623;123726;124829;125939;127049;128161;129275;130386;131499;132612;133725;134838;135949;137002;138074;139149;140228;141310;142388;143445;146228;147298;148346;149396;150446;151494;152556;153603;154651;155719;156790;157869;158946;160027;161107;162198;163285;164374;165467;166563;167655;168754;169849;170950;172058;173165;174270;175377;176484;177592;178704;179817;180930;182044;183156;184269;185385;186494;187564;188613;189682;190756;191832;192907;193987;195067;196143;197195;198280;202274;206340;209377;210428;211485;212551;213615;215346;216396;217446;218495;219544;221780;222831;223880;225726;227291;228340;229387;230436;231486;232534;233581;234633;235682;236753;237832;238918;240005;241094;242178;243272;244362;245452;246544;247637;248742;249840;250943;252044;253149;254251;255357;256467;257577;258687;259797;260905;262013;263125;264238;265352;266466;267573;268695;269778;270833;271889;272959;274034;275106;276185;277263;278338;279416;280480;281531;282602;283702;284759;288909;291178;294885;299001;303544;310127;311179;312246;313304;314364;315424;316485;318463;319510;320121;320559
MEMORY;START;22;54;84;103;116;134;142;154;165;177;186;194;209;209;222;226;253;247;249;254;247;44;82;95;107;100;32;69;77;108;128;142;154;164;179;183;201;211;219;227;228;243;251;281;287;293;297;302;298;307;308;307;299;292;40;90;117;121;136;131;41;109;56;107;125;141;157;166;180;188;198;210;219;228;237;247;254;259;289;295;294;299;303;313;308;308;309;312;299;279;87;118;135;142;147;143;49;281;783;689;105;129;148;159;170;180;193;198;217;228;238;239;255;256;295;300;299;311;315;311;321;321;315;311;309;61;107;141;162;175;183;98;8510;244;50;3987;3987;7942;4010;8434;4504;95;128;155;166;170;185;191;208;218;228;236;246;255;262;262;275;299;304;310;314;323;326;322;325;332;331;324;326;305;167;211;229;258;273;285;293;296;284;159;230;32925;32925;45437;229;268;300;60;14298;14295;14295;14295;14295;28536;28577;28577;14336;28555;30325;30325;30325;30337;16097;16097;16097;16109;131;152;168;177;187;195;209;220;228;245;248;256;264;278;279;285;312;319;324;329;332;335;337;338;339;339;342;330;320;262;486;364;344;347;373;388;399;407;409;398;391;324;377;445;373;33085;65853;82237;98621;98621;123747;123741;123793;262;266;275;64;25085;25085;30;END
TIME;0;1084;2150;3222;4295;5373;6450;7532;8615;9700;10795;11889;12987;14084;15186;16283;17379;18478;19579;20678;21779;22879;23943;25016;26084;27155;28226;29271;30332;31397;32465;33544;34623;35704;36784;37868;38953;40039;41127;42213;43309;44408;45505;46605;47708;48816;49923;51033;52140;53246;54353;55460;56572;57686;58793;59904;61007;62075;63148;64224;65299;66370;67443;68493;69537;70602;71680;72762;73844;74927;76014;77110;78212;79314;80416;81523;82631;83737;84845;85956;87068;88173;89281;90387;91495;92601;93708;94819;95929;97034;98143;99248;100354;101452;102513;103584;104660;105735;106811;107884;108936;109983;111042;112151;113215;114288;115365;116445;117522;118603;119692;120777;121865;122956;124050;125145;126243;127340;128443;129541;130644;131750;132861;133968;135080;136191;137307;138424;139540;140655;141774;142886;143952;145025;146094;147173;148256;149335;150417;151475;154602;155666;156729;157776;158826;159928;161303;162352;163401;164464;165534;166608;167686;168763;169843;170932;172021;173107;174199;175289;176389;177488;178592;179694;180794;181899;183006;184116;185228;186337;187447;188560;189667;190778;191892;193000;194110;195172;196216;197277;198353;199435;200513;201595;202679;203737;204790;205861;213395;216358;217422;218485;219552;220605;222368;223420;224470;225520;226568;228658;229708;230759;233140;234712;235761;236808;237855;238902;239951;240999;242046;243096;244164;245237;246315;247397;248476;249561;250647;251738;252829;253923;255019;256117;257214;258314;259418;260519;261624;262728;263837;264946;266055;267169;268283;269394;270506;271618;272733;273844;274953;276068;277142;278192;279257;280326;281399;282478;283557;284636;285715;286765;287835;288894;289949;291045;293671;298053;302141;306236;310329;316859;317910;318970;320026;321079;322132;323185;325013;326062;326661;327115
MEMORY;START;22;52;89;99;120;123;133;150;162;173;192;193;201;209;214;226;245;248;247;245;245;49;81;88;100;99;26;69;73;111;124;137;147;156;169;184;189;197;207;216;225;232;240;248;278;284;289;291;302;305;307;307;308;304;299;270;87;102;116;132;131;138;86;53;102;122;138;149;159;172;181;198;200;210;219;227;235;242;250;256;285;289;301;306;303;306;308;310;310;308;306;304;279;90;110;127;139;152;153;74;94;57;1140;73;111;130;146;156;172;178;194;203;207;224;232;234;241;255;256;262;291;302;301;305;310;313;314;315;313;309;291;118;128;150;164;179;183;178;97;8511;262;270;3987;3987;7922;4010;8434;4504;76;119;139;155;168;184;189;199;208;225;228;236;244;252;260;275;298;304;316;314;318;327;322;331;333;331;329;313;93;203;212;258;274;278;286;295;243;170;212;45437;45442;197;249;270;55;14301;14295;14295;14295;14295;28533;28577;28577;14336;28555;30325;30325;30325;30337;16097;16097;16097;16109;119;145;169;175;192;194;213;215;233;235;250;253;269;276;283;288;319;325;330;327;337;333;336;338;338;338;336;331;316;262;300;324;354;338;370;387;392;408;412;548;389;351;317;485;33085;65853;82237;98621;115005;123747;123741;123793;323;264;279;65;25085;25085;30;END
TIME;0;1079;2145;3211;4281;5353;6428;7501;8585;9666;10751;11835;12921;14011;15099;16193;17286;18385;19483;20584;21682;22779;23833;24904;25973;27044;28107;29154;30213;31279;32352;33427;34499;35574;36658;37744;38830;39918;41005;42100;43192;44286;45381;46476;47578;48681;49781;50881;51984;53086;54192;55300;56404;57508;58613;59711;60774;61846;62923;63994;65068;66140;67183;68250;69316;70394;71473;72547;73629;74710;75793;76879;77971;79062;80155;81251;82349;83449;84553;85658;86762;87866;88979;90086;91194;92307;93418;94528;95640;96753;97859;98906;99977;101054;102134;103212;104291;105351;106402;107464;108511;109577;110649;111720;112799;113877;114956;116043;117128;118221;119316;120412;121508;122610;123712;124820;125922;127024;128131;129237;130347;131455;132568;133680;134788;135900;137010;138120;139179;140252;141326;142397;143473;144551;145629;146681;147738;150192;151278;152339;153390;154437;155482;157244;158292;159340;160409;161483;162563;163643;164723;165806;166896;167985;169078;170172;171270;172370;173474;174575;175679;176788;177893;179005;180120;181231;182338;183449;184562;185678;186793;187907;189019;190133;191245;192293;193345;194413;195488;196567;197647;198723;199802;200850;201925;202986;209302;212430;213492;214564;215623;216684;218349;219396;220446;221495;222544;224795;225844;226895;228217;229760;230810;231859;232908;233956;235005;236056;237105;238152;239200;240271;241345;242420;243505;244589;245674;246761;247851;248941;250036;251133;252231;253331;254434;255538;256644;257747;258854;259960;261073;262184;263290;264398;265507;266622;267738;268849;269955;271021;272108;273194;274248;275320;276393;277470;278549;279630;280709;281783;282842;283926;285000;286068;289950;292235;296357;304596;311128;312175;313237;314292;315347;316404;319114;320166;320733;321220
MEMORY;START;30;60;82;99;113;123;134;150;161;172;183;192;199;206;211;218;246;247;248;245;238;46;78;92;101;92;34;50;87;113;132;144;156;168;178;188;197;206;216;224;232;240;246;282;281;286;298;302;298;300;302;301;300;294;275;79;103;117;125;131;134;40;53;89;117;136;147;157;173;179;197;205;217;226;234;242;250;258;288;295;300;304;301;312;314;316;316;313;303;289;57;105;118;134;150;152;57;162;59;1231;85;121;141;148;157;167;180;191;202;217;223;231;240;249;257;287;294;299;303;308;311;314;314;315;311;305;293;155;122;145;157;169;175;175;89;105;8510;245;55;3987;3987;7942;7934;8440;4504;105;128;145;159;168;177;191;201;217;220;229;237;248;255;262;268;299;304;309;314;316;320;322;324;325;324;324;319;307;104;237;227;255;284;292;296;296;151;243;202;45437;45437;55;245;315;61;14295;14295;14295;14295;14295;28538;28577;104;14336;28555;30325;30325;30325;30337;16097;16097;16097;16109;16109;133;157;173;184;193;202;216;226;234;245;254;263;271;278;286;292;319;326;324;335;339;336;338;339;338;343;336;312;162;588;403;331;358;372;388;396;402;402;671;330;351;390;400;49469;65853;82237;115005;123747;123741;123793;275;295;295;16445;25085;30;END
TIME;0;1093;2156;3227;4300;5377;6454;7531;8618;9700;10785;11874;12963;14058;15147;16238;17330;18423;19521;20618;21718;22816;23912;24978;26049;27120;28194;29259;30304;31360;32427;33501;34574;35646;36721;37796;38874;39957;41049;42137;43229;44320;45411;46507;47607;48705;49808;50908;52013;53115;54222;55332;56439;57543;58651;59763;60872;61982;63085;64149;65220;66294;67369;68441;69521;70566;71622;72690;73760;74838;75920;76996;78083;79170;80254;81341;82427;83518;84614;85708;86805;87902;89006;90111;91218;92325;93436;94541;95647;96757;97865;98975;100084;101191;102301;103407;104450;105539;106615;107689;108768;109845;110925;111995;113056;114113;115163;116230;117300;118377;119455;120533;121613;122698;123780;124865;125953;127041;128134;129230;130326;131426;132527;133636;134744;135857;136963;138075;139186;140303;141418;142530;143641;144754;145864;146924;147990;149064;150136;151216;152294;153372;154448;155495;158900;159964;161028;162077;163128;164173;165245;166292;167338;168400;169474;170553;171631;172709;173786;174868;175951;177037;178129;179221;180312;181407;182503;183608;184713;185812;186921;188031;189141;190247;191359;192467;193578;194694;195813;196930;198043;199148;200225;201279;202350;203430;204509;205585;206664;207743;208807;209864;210949;218564;221711;222763;223828;224886;225949;227796;228845;229891;230938;231985;234099;235147;236193;238699;240374;241424;242470;243517;244566;245614;246656;247702;248748;249814;250890;251972;253051;254128;255208;256294;257380;258473;259563;260654;261749;262846;263942;265047;266152;267262;268373;269477;270590;271699;272810;273921;275034;276146;277258;278368;279477;280582;281646;282730;283784;284883;285954;287027;288103;289184;290265;291352;292458;293523;294630;295698;296771;299782;301711;303942;307558;311175;314784;318648;320596;321648;322707;323763;324817;325873;328485;329544;330116;330596
MEMORY;START;28;58;88;99;120;124;142;158;170;180;184;193;207;213;220;225;229;255;256;247;244;238;64;83;96;101;96;28;56;93;117;135;145;155;163;179;189;197;207;210;225;233;241;247;254;282;288;293;298;301;304;305;306;308;308;304;292;273;81;104;119;127;131;134;41;55;91;116;135;148;157;165;179;190;198;208;217;225;240;241;248;254;283;288;294;298;301;303;306;307;307;309;306;301;287;58;106;126;139;147;145;152;58;249;65;1231;86;123;134;155;164;166;180;190;199;209;218;228;238;254;262;269;300;305;303;305;316;312;314;315;313;320;316;305;111;94;132;149;163;171;175;179;90;8505;281;56;3987;3987;7922;4010;8434;4504;82;119;139;154;164;172;188;196;214;222;226;235;244;252;267;267;306;305;310;314;319;321;323;326;326;332;322;316;297;217;239;247;268;281;283;289;296;208;176;271;45437;45437;234;276;255;66;14295;14295;14295;14295;14295;28538;28577;28577;14336;28555;30325;30325;30325;30337;16097;16097;16097;16109;110;139;158;172;184;192;204;215;231;234;242;251;266;266;274;281;311;324;329;325;336;340;343;337;345;346;335;328;303;215;801;341;406;361;381;388;403;402;401;472;365;415;423;428;16701;33085;49469;82237;82237;98621;115005;123741;123741;123793;294;272;320;25085;25085;30;END
TIME;0;1081;2145;3215;4291;5362;6436;7516;8597;9676;10760;11847;12934;14022;15113;16202;17293;18394;19492;20590;21684;22780;23842;24908;25973;27041;28106;29146;30188;31245;32316;33387;34463;35542;36620;37700;38782;39869;40955;42051;43140;44235;45332;46431;47529;48629;49737;50845;51949;53055;54161;55268;56376;57486;58600;59708;60818;61859;62930;64000;65073;66148;67221;68299;69348;70395;71460;72526;73599;74672;75747;76827;77914;78999;80083;81172;82265;83355;84452;85549;86646;87745;88847;89950;91056;92160;93266;94371;95482;96590;97694;98804;99913;101018;102128;103233;104276;105339;106413;107493;108569;109646;110719;111764;112821;113901;114966;116040;117114;118190;119269;120352;121434;122518;123605;124699;125792;126886;127984;129084;130182;131287;132391;133501;134612;135723;136833;137943;139055;140169;141288;142405;143513;144566;145637;146714;147788;148864;149946;151006;152059;154603;155664;156720;157770;158819;159913;161233;162279;163328;164377;165451;166523;167602;168679;169761;170844;171929;173017;174107;175203;176301;177401;178501;179602;180701;181804;182910;184016;185125;186235;187351;188461;189572;190686;191800;192913;194027;195140;196249;197323;198384;199450;200527;201600;202676;203750;204828;205907;206965;208017;209095;216713;219820;220872;221929;222989;224040;225821;226870;227917;228960;230005;232732;233782;234831;237026;238695;239749;240800;241850;242900;243950;245000;246048;247096;248146;249215;250290;251370;252451;253534;254614;255698;256786;257878;258973;260072;261165;262262;263365;264468;265571;266677;267785;268889;269996;271106;272214;273321;274432;275542;276652;277762;278874;279981;281069;282148;283243;284296;285352;286426;287495;288574;289652;290730;291810;292906;293966;295020;296112;297176;301456;303911;307965;312009;316946;323492;324547;325614;326672;327739;328794;329855;331998;333046;333639;334097
MEMORY;START;30;52;89;108;121;124;148;161;165;176;193;201;208;216;221;226;252;255;256;254;245;46;83;96;100;100;34;34;60;101;114;130;149;151;170;179;190;199;209;211;226;234;235;249;255;284;289;294;292;302;305;307;302;300;296;293;41;86;111;127;134;132;133;40;53;84;115;134;148;151;160;180;188;198;208;210;226;227;235;249;249;262;290;296;301;305;309;311;313;314;309;316;312;301;295;57;104;121;136;143;153;144;47;208;601;70;109;128;144;156;164;176;186;197;209;225;230;239;247;255;262;292;298;303;315;311;313;315;315;313;308;298;98;130;149;163;172;176;100;103;8505;242;194;3987;3987;7922;4010;8434;4504;4511;108;132;149;162;172;180;192;202;211;221;229;238;246;254;260;275;305;303;308;311;316;320;323;332;326;332;324;319;310;162;237;217;258;267;285;293;296;297;202;160;221;32925;45437;53;274;290;55;14295;14295;14295;14295;14295;28537;28577;28577;14336;28555;30325;30325;30325;30337;16097;16097;16097;16097;16109;125;151;163;176;185;201;215;215;227;235;246;254;263;270;278;283;313;318;323;328;331;333;336;338;338;346;337;332;319;211;310;728;328;315;364;377;398;407;410;410;366;377;316;426;394;33085;65853;65853;82237;115005;123747;123741;123785;326;277;259;67;25085;25085;30;END
