TIME;0;1146;2214;3298;4433;5601;6818;8043;9288;10542;11606;12712;13791;14935;16010;17103;18191;19275;20358;21423;22493;23576;24645;25717;26802;27876;28943;30020;31094;32162;33231;34311;35385;36456;37542;40917;42011;43088;44165;45228;46326;47402;48468;49530;50598;51661;52725;53795;54859;55928;56986;58057;59128;60202;61275;62340;63409;64483;65543;66611;67691;68761;69829;70895;71960;73039;74115;75183;76252;77318;78390;79475;80536;81604;82675;83747;84812;85879;86951;88021;89084;90164;91226;92313;93378;94451;95517;96584;97652;98715;99788;100854;101917;102978;104046;105114;106181;107244;108319;109381;110468;111539;112623;113694;114757;115822;116912;117981;119058;120146;121214;122278;123365;124443;125509;126582;127649;128719;129785;130854;131930;132999;134088;135157;136246;137314;138376;139443;140523;141595;142670;143758;144821;145913;146973;148039;149110;150175;151244;152311;153380;154446;155509;156573;157638;158709;159779;160849;161915;163004;164077;165147;166226;167306;168366;169447;170518;171583;172687;173762;174833;175902;176977;178055;179124;180188;181252;182319;183392;184467;185533;186601;187672;188740;189805;190879;191951;193049;194130;195211;196295;197385;198469;199548;200627;201719;202830;203903;204985;206082;207160;208235;209320;210398;211467;212536;213623;214708;215792;216868;217990;219067;220149;221225;222300;223373;224463;225547;226647;227720;228796;229890;230970;232052;233150;234223;235307;236375;237451;238544;239634;240715;241794;242902;243982;245054;246127;247220;248294;249367;250450;251532;252609;253676;254751;255841;256913;257980;259046;260117;263965;265844;269472;273124;276786;280437;287915;292071;299715;303658;306117;306584;307170
MEMORY;START;29;289;800;1296;1728;2592;2641;2953;2953;708;707;5320;5194;5457;5143;5349;5485;5426;5845;6362;6072;6027;6146;6018;1199;1287;802;811;809;803;807;807;827;942;19478;5328;5828;6112;6051;6026;6399;5235;6226;5977;5961;5805;6214;5453;6232;5219;6108;6145;6366;5820;6321;6456;5936;6146;5888;6044;5787;5702;5990;6163;6818;6048;6037;6076;6196;5501;6386;5965;5848;5982;6237;6403;5886;6311;5711;6172;5947;5950;5747;6362;6283;5852;5986;5956;5535;5711;5726;5920;5810;5936;5798;6187;6094;6007;5614;5491;6201;6094;5998;5767;6373;5933;4917;5948;6129;6179;5698;5940;5935;6308;5906;5572;6193;5497;6776;6181;5527;6097;5889;6194;6318;6097;6585;6120;5812;6196;6085;6049;5718;5607;5707;5661;6304;6305;6607;6189;5987;6012;5930;6010;6304;6091;6119;5762;6203;5801;6105;6102;6188;6785;5911;6364;6692;5909;6298;6308;6891;6221;6123;5560;6006;6207;5901;6192;5910;5730;6202;6679;6001;5428;6650;6209;6203;6290;6298;6004;5933;6100;5527;6095;5922;6785;6192;6383;6201;6326;6420;6681;5917;6002;5538;6005;6684;6395;6248;6494;6211;6387;6430;6600;6683;6489;6513;6205;6111;6094;6024;6412;6992;6772;6120;6115;6490;6394;6003;6902;6420;6620;6112;5919;6199;5815;6504;6000;6039;6296;6307;6688;5820;6727;6295;5905;5907;5802;6215;33499;49883;49883;82651;99035;115419;148187;148187;180955;197339;207003;26;END
TIME;0;1087;2137;3172;4283;5451;6701;7920;9160;10250;11323;12395;13506;14582;15685;16806;17912;19039;20118;21234;22314;23386;24479;25563;26645;27749;28827;29924;30994;32067;33140;34215;35286;36363;37434;38529;39613;42421;43534;44614;45688;46769;47854;48928;50000;51073;52147;53218;54292;55358;56428;57496;58567;59635;60713;61778;62847;63924;65005;66073;67140;68208;69281;70348;71420;72518;73587;74677;75753;76824;77895;78971;80040;81113;82191;83260;84335;85409;86477;87573;88648;89718;90792;91869;92944;94013;95081;96152;97219;98299;99367;100447;101517;102610;103697;104790;105864;106942;108028;109108;110182;111256;112325;113394;114464;115543;116615;117688;118763;119843;120916;121984;123055;124127;125198;126270;127366;128453;129548;130624;131709;132780;133855;134926;135997;137066;138138;139243;140313;141381;142458;143528;144601;145685;146763;147866;148941;150027;151103;152178;153281;154351;155443;156538;157640;158722;159799;160880;161983;163054;164159;165264;166338;167428;168500;169572;170651;171732;172803;173902;175004;176083;177162;178237;179312;180388;181471;182570;183655;184741;185813;186919;188003;189084;190193;191265;192342;193437;194544;195628;196708;197807;198893;199972;201056;202163;203251;204331;205442;206524;207625;208702;209792;210873;211957;213047;214136;215222;216307;217391;218475;219554;220637;221724;222802;223910;224998;226079;227152;228257;229370;230450;231582;232671;233787;234894;235978;237090;238168;239260;240349;241439;242514;243596;244705;245787;246865;247942;249031;250114;251199;252279;253382;254464;255540;256644;257717;258801;259875;260951;262022;263096;264169;265241;271296;274920;278561;282168;285801;293205;296842;304146;307786;309006;309477;310058
MEMORY;START;27;289;800;1108;1728;2592;2591;2930;700;708;703;5421;5325;5444;6028;5630;5243;5336;5272;5870;6313;5919;6030;6123;5790;1216;807;836;806;820;816;814;808;807;876;845;19473;5326;5584;6111;5888;6131;5694;5893;5696;5913;6352;6364;5923;5418;5873;5652;5412;5647;5185;5433;6739;5697;5205;5228;5445;6313;5726;6203;5676;6253;5769;6033;6015;5646;5973;5699;6005;5882;6301;5510;6342;5245;6978;6342;6656;6195;6095;5611;5815;5412;6068;5809;5572;6199;5960;6104;5712;6280;5774;6279;6266;6143;6622;5747;6194;5497;5852;6290;5603;5930;5805;6257;5905;5631;5658;6386;5606;6390;6111;6165;5222;6844;6280;6092;6097;6119;5437;5745;5597;6637;5890;5817;6415;6177;5795;5809;5940;6350;6193;6098;6445;6221;6499;6481;6677;7085;5717;5915;5544;6010;5893;6092;6005;6320;6298;5894;5990;6411;6120;6010;6095;5709;6072;5934;5916;6101;5996;6388;6311;6298;6029;6115;6715;6140;7071;7077;6122;6786;6451;5907;6206;6102;6317;6589;6197;6498;6118;6188;5906;6216;6585;6138;6707;6413;6585;5608;6225;6972;6697;5901;6289;6214;6549;6700;6109;6210;6017;5916;6008;6401;6596;5994;6406;6401;6395;5744;6591;6395;5712;6414;6105;6918;6299;6101;5913;6219;6128;6116;6688;6126;6495;6119;6306;6190;6552;6309;5906;6099;5898;6426;5934;6399;5868;6507;6714;6593;1008;49883;66267;82651;99035;115419;148187;164571;197339;207003;207003;26;END
TIME;0;1087;2131;3191;4316;5462;6671;7883;9130;10198;11266;12339;13438;14512;15577;16663;17759;18833;19917;20998;22070;23144;24212;25304;26379;27469;28554;29628;30697;31766;32842;33910;34981;36057;37159;39992;41071;42147;43250;44320;45393;46468;47541;48617;49684;50749;51815;52884;53953;55026;56092;57156;58232;59298;60370;61440;62526;63603;64680;65754;66828;67903;68976;70049;71119;72211;73277;74353;75422;76490;77552;78621;79697;80771;81841;82912;83981;85047;86117;87187;88256;89327;90411;91479;92558;93634;94709;95777;96870;97933;99000;100072;101142;102219;103293;104363;105428;106497;107579;108654;109728;110796;111865;112939;114011;115087;116165;117233;118301;119391;120456;121526;122618;123687;124764;125855;126928;127997;129068;130143;131213;132287;133376;134447;135522;136595;137669;138743;139813;140890;141966;143036;144102;145177;146256;147327;148396;149465;150538;151607;152683;153757;154829;155904;156974;158053;159137;160213;161293;162371;163441;164524;165601;166676;167750;168834;169909;170994;172063;173146;174214;175289;176367;177437;178529;179601;180675;181756;182835;183914;185014;186094;187180;188258;189334;190410;191491;192568;193645;194745;195832;196903;197992;199068;200157;201227;202318;203399;204500;205599;206694;207772;208852;209927;211001;212079;213161;214242;215314;216386;217469;218555;219634;220713;221786;222876;223956;225030;226128;227205;228284;229363;230447;231530;232614;233690;234797;235875;236957;238041;239116;240220;241294;242374;243453;244555;245638;246715;247794;248882;249956;251038;252120;253189;254270;255338;256409;257475;258550;259626;260716;264134;268091;272033;275986;279916;284833;293256;297382;305655;309810;310967;311426;312019
MEMORY;START;27;293;805;1296;1728;2592;2687;2953;703;707;5320;5519;5272;5047;5903;5517;5514;5874;6263;5828;6113;6439;6151;3791;1233;887;809;809;803;802;807;813;860;838;19478;5326;5552;6215;5660;5941;6070;6114;5742;5734;6038;5370;6331;5887;6727;6055;5601;6153;5500;6167;5693;5321;5988;5667;5729;5857;5327;5886;6145;5485;6206;5937;6088;6247;5837;5749;5763;5720;5689;5992;5895;6212;6188;6357;6479;5838;6135;5588;6283;5941;6322;6368;5471;5854;6228;6217;5768;5734;6523;5939;5794;5723;5534;5740;5771;5635;5965;5758;5825;6001;5499;5772;5789;5691;6040;6155;6834;6713;5744;6621;5498;5764;6150;6240;6605;6100;5498;5791;5819;6050;6589;6968;6292;6791;7002;6402;5903;6179;6242;6152;5706;6182;6183;6407;6184;6191;5557;6294;6385;6500;6289;6295;6033;6733;6549;6390;6481;7124;5830;5334;5700;6147;5813;6138;5920;6197;5540;6202;6105;6879;6100;5799;5810;5814;6104;6322;6009;5728;6338;6405;6334;6314;5992;6499;5848;6310;6388;6029;5531;6114;6112;6014;6300;6126;6508;6384;5833;6429;5801;6990;6231;5909;5923;6493;6414;6280;7002;6108;6213;6323;5836;6125;6290;7117;5817;6389;6818;6122;6390;6132;6307;6528;6013;6191;5840;6117;6007;6216;6424;6305;6602;6026;6213;6514;7076;6973;6485;6200;6100;6781;6002;5995;6013;7194;5936;3921;33499;49883;66267;82651;82651;99035;131803;148187;197339;207003;207003;26;END
TIME;0;1084;2126;3176;4323;5613;6847;8079;9312;10382;11461;12568;13659;14735;15815;16880;17985;19064;20154;21218;22291;23365;24450;25521;26587;27666;28755;29829;30904;31993;33078;34155;35232;36327;40088;41224;42308;43401;44472;45541;46624;47700;48771;49839;50946;52017;53087;54160;55242;56315;57382;58450;59517;60592;61662;62728;63801;64883;65954;67027;68097;69169;70242;71319;72383;73478;74564;75640;76709;77784;78872;79934;81004;82078;83150;84223;85295;86362;87452;88533;89611;90680;91759;92828;93908;94981;96063;97141;98213;99299;100368;101446;102519;103593;104670;105738;106813;107884;108957;110029;111097;112166;113249;114334;115407;116482;117594;118668;119749;120822;121892;122959;124030;125098;126168;127243;128314;129383;130457;131531;132602;133671;134744;135814;136884;137961;139041;140120;141197;142267;143340;144416;145525;146596;147693;148773;149856;150935;152006;153078;154165;155244;156316;157392;158465;159537;160627;161717;162790;163861;164940;166010;167102;168177;169249;170326;171399;172475;173575;174650;175724;176794;177881;178961;180033;181109;182181;183257;184330;185403;186483;187568;188658;189754;190831;191910;192984;194060;195150;196224;197319;198401;199521;200607;201690;202773;203864;204950;206060;207145;208221;209302;210379;211455;212537;213624;214707;215794;216894;217988;219067;220150;221249;222343;223452;224567;225646;226727;227838;228913;229995;231095;232174;233254;234335;235412;236493;237569;238641;239756;240839;241927;243007;244083;245159;246232;247347;248425;249517;250623;251723;252801;253879;254961;256034;257114;258184;259280;260357;261433;265880;267771;271866;275944;280003;284079;292417;296528;304787;308901;311418;311888;312470
MEMORY;START;23;289;827;1246;1757;2592;2822;2953;705;709;5066;5324;5965;5763;5271;5318;5679;5556;6498;5687;5278;5837;5743;713;845;989;809;809;974;809;801;803;952;19473;5326;5500;6138;5516;5982;5983;5999;5548;5325;6689;6433;6177;6280;5978;5726;5474;6181;5744;6726;5886;5662;5886;5632;5742;6353;5534;5899;6248;5442;5773;5346;6182;6653;6534;6209;6511;5500;5796;5976;5807;6049;5915;5892;6435;6496;6919;5799;6373;5786;6406;5670;6820;6424;5417;5947;6042;5124;5993;6076;5809;6031;5835;5712;5845;6009;5957;5539;6399;5365;6071;5850;5963;5526;6045;6199;5666;5902;6333;5918;5755;6188;6241;6182;6101;6160;6060;5916;5990;6385;6151;5607;6284;6205;6399;6837;6191;6082;5619;6873;6400;5843;6204;6600;6121;6223;6103;5989;6488;6708;6589;6432;6116;7172;6499;5564;6283;6450;5918;6780;6497;6493;5994;5993;6151;5811;6290;6097;7096;6017;6105;6692;6011;6398;6007;6219;6783;5657;6147;5957;6100;6222;6300;6799;6519;5842;6600;6400;6000;5905;6296;5920;6258;6595;6501;6690;6812;6013;5825;6106;7267;6195;6720;6599;6327;5939;6234;6293;5638;6113;6131;5928;6022;6301;6118;6210;6812;6295;6215;6309;6213;6329;6108;6117;6023;6292;5815;6038;6741;7208;6584;6506;6908;6798;6509;6507;6132;6308;6293;5625;6311;5930;6008;6208;6804;6244;33499;49883;49883;82651;99035;99035;148187;164571;197339;197339;207003;26;END
TIME;0;1126;2174;3211;4339;5506;6775;7981;9211;10446;11519;12587;13670;14783;15867;16939;18001;19074;20180;21262;22348;23406;24506;25585;26659;27736;28805;29883;30973;32040;33119;34195;35264;36337;37413;38503;42269;43391;44469;45550;46624;47714;48782;49852;50945;52040;53110;54179;55251;56324;57387;58457;59537;60596;61661;62750;63833;64910;65976;67048;68141;69203;70286;71359;72429;73502;74568;75642;76715;77796;78888;79954;81025;82097;83194;84272;85358;86430;87507;88581;89664;90741;91815;92887;93959;95053;96122;97199;98268;99357;100429;101496;102558;103625;104691;105769;106847;107921;108992;110066;111136;112209;113278;114377;115448;116537;117634;118713;119777;120850;121918;122987;124058;125133;126202;127278;128350;129436;130504;131592;132671;133739;134814;135885;136979;138048;139115;140183;141258;142337;143425;144506;145590;146688;147758;148830;149909;150979;152046;153115;154179;155247;156318;157391;158470;159547;160612;161699;162799;163885;164976;166044;167110;168185;169278;170350;171435;172535;173602;174676;175754;176834;177906;178977;180050;181136;182225;183295;184379;185455;186522;187594;188674;189756;190834;191915;192999;194075;195159;196237;197322;198398;199482;200569;201674;202754;203838;204912;206012;207098;208182;209274;210363;211454;212536;213616;214691;215783;216861;217965;219040;220140;221222;222304;223383;224462;225570;226666;227747;228849;229945;231026;232143;233224;234307;235393;236486;237563;238639;239734;240823;241903;242982;244088;245163;246243;247323;248422;249500;250584;251656;252733;253838;254931;256006;257076;258153;259227;260297;261370;262451;263523;264592;271519;275160;278795;282437;286095;293536;297185;304534;308196;309406;309875;310459
MEMORY;START;21;289;800;1296;1616;2592;2304;2826;2953;705;703;4761;5528;5550;5708;5713;5305;5882;6132;6212;6320;6407;6143;6265;4744;1290;766;935;810;809;819;809;821;814;921;19478;5325;5634;5889;6820;5841;6070;5425;5871;5947;6337;5915;5362;5655;5425;5693;6674;5485;6432;6245;6207;6295;5597;6433;5916;6276;5578;5454;5636;5569;6304;6158;5814;6303;5929;5447;5708;6092;5998;6712;5766;6782;6242;6854;5631;7005;5657;6308;5846;6286;5610;5392;5660;5745;6132;5681;5669;5866;6068;5844;5912;5802;5578;5888;6424;6059;6466;6099;5728;6194;5725;6138;6114;5587;5878;6141;6145;5754;6051;5889;4954;5527;5888;6047;6579;5723;6084;5879;6087;5602;6423;6019;6407;5713;5851;6848;6100;6100;6100;6416;6129;6548;5904;6505;6203;5898;6400;6298;7382;5939;5696;6048;6491;6187;6297;6004;6381;5774;5622;5600;5617;6152;6521;7001;6126;6292;6111;6230;5652;5600;5718;5813;6399;7271;6782;5830;6008;5833;6202;6196;6006;6190;6189;6009;5816;6015;6101;5906;5996;6408;6688;6685;6282;6420;6382;5913;6523;6103;5938;6975;6215;6094;6004;6015;6190;6554;5730;6207;5735;6935;6391;6194;5904;6222;6003;6296;6094;6824;6892;6013;5915;7003;6427;6496;5915;6205;6015;6114;6032;6012;5817;5815;6025;6326;6409;6498;6495;7094;7174;6294;5806;6032;6125;6107;6622;5899;5981;49883;66267;82651;99035;115419;148187;164571;197339;207003;207003;26;END
TIME;0;1082;2123;3164;4298;5449;6660;7896;9178;10247;11333;12407;13505;14602;15703;16824;17900;19001;20069;21160;22226;23293;24377;25460;26544;27615;28688;29768;30830;31900;32974;34042;35113;36186;37267;38336;41679;42772;43852;44939;46010;47078;48148;49220;50293;51367;52430;53521;54590;55669;56756;57842;58912;59989;61061;62138;63211;64280;65345;66414;67479;68550;69621;70717;71797;72892;73954;75025;76097;77173;78243;79313;80387;81453;82534;83605;84681;85755;86828;87903;88983;90053;91126;92198;93284;94349;95422;96499;97568;98640;99704;100772;101848;102920;103999;105074;106146;107230;108302;109376;110446;111515;112590;113661;114729;115811;116888;117962;119034;120106;121179;122248;123315;124384;125479;126549;127620;128684;129760;130826;131904;132976;134049;135118;136211;137284;138363;139448;140517;141609;142689;143761;144838;145920;146995;148059;149156;150234;151306;152402;153472;154540;155613;156709;157818;158899;159965;161061;162124;163212;164280;165361;166436;167508;168573;169645;170717;171795;172868;173940;175016;176085;177159;178247;179321;180400;181494;182592;183667;184734;185801;186881;187963;189054;190139;191221;192296;193375;194456;195547;196625;197717;198798;199882;200966;202049;203132;204215;205291;206375;207447;208526;209620;210722;211807;212896;213980;215066;216143;217223;218297;219369;220450;221526;222637;223713;224793;225875;226953;228043;229124;230228;231314;232409;233495;234570;235671;236750;237829;238914;239995;241069;242152;243237;244314;245390;246475;247547;248626;249705;250773;251865;252944;254027;255099;256169;257241;258316;259390;260474;261550;262620;264622;267591;271184;274767;278376;281997;289365;292971;300223;303843;306100;306569;307150
MEMORY;START;30;290;800;1296;1571;2592;2656;2953;741;707;709;4659;5248;5365;5898;5044;5433;5468;5722;6309;6312;6108;6025;6227;924;1287;819;805;820;816;807;828;800;858;829;19473;5325;5968;6183;5936;5510;6030;5926;5287;5913;5787;5968;5950;5738;5942;5671;5769;5903;6244;5656;5252;6033;5551;6225;6443;5706;6372;5816;5509;6398;5597;6408;5901;5993;5808;6397;6759;6086;6034;5825;5715;6186;6185;5871;5911;5989;5626;5801;6790;5595;6306;6425;6255;5663;6278;5624;5722;6297;6849;6002;6498;5758;5690;6701;6159;5811;6486;6387;6547;6000;6377;6139;6104;5989;6257;5538;5577;5389;6482;5462;5846;6289;6186;5987;5680;5944;6088;5832;7120;6284;6085;5795;6184;6983;6002;6112;5754;5803;5920;5855;5944;6797;5775;6497;6390;5809;6676;6505;6383;6087;5801;5949;6297;6187;6295;5913;6652;6996;6350;5666;5514;6385;5909;6729;6500;6122;6494;6026;6739;6580;6097;6193;5502;5799;5801;5806;6013;5796;6602;6010;5904;6703;6394;5937;6407;6437;6588;5925;5807;6610;6294;6087;6106;6496;5621;6026;6986;6010;6294;5807;6295;5910;6430;6023;6430;6600;6311;7068;6107;5801;6200;6093;7029;6588;6192;5805;6217;6111;6752;6209;6599;6408;6781;6313;6211;6430;6584;6324;6099;6204;6516;6207;6702;6489;5802;5944;6586;6781;6599;6386;5995;6202;5846;6708;6713;805;33499;49883;66267;66267;99035;99035;148187;164571;197339;207003;207003;26;END
TIME;0;1088;2132;3168;4304;5475;6694;7921;9187;10426;11497;12563;13649;14711;15800;16913;18028;19121;20192;21289;22374;23459;24550;25624;26697;27780;28847;29941;31010;32098;33167;34238;35307;36376;37446;38529;39610;42404;43483;44560;45638;46710;47778;48845;49914;50983;52061;53132;54208;55283;56369;57439;58517;59589;60669;61763;62834;63902;64988;66052;67136;68210;69284;70357;71429;72506;73582;74649;75723;76798;77896;78970;80049;81118;82205;83283;84353;85417;86493;87561;88630;89706;90773;91844;92941;94030;95103;96182;97247;98322;99395;100462;101542;102610;103685;104756;105831;106904;107992;109059;110136;111199;112270;113372;114449;115526;116592;117672;118756;119824;120892;121975;123044;124120;125193;126277;127349;128424;129502;130586;131657;132730;133797;134866;135942;137037;138117;139185;140273;141338;142408;143477;144555;145627;146712;147786;148891;149961;151057;152130;153204;154283;155363;156437;157516;158616;159687;160776;161851;162929;164015;165086;166160;167237;168313;169384;170456;171536;172610;173685;174764;175835;176922;178003;179078;180184;181252;182326;183405;184487;185561;186636;187714;188784;189862;190961;192045;193126;194203;195302;196376;197455;198530;199604;200708;201787;202897;203999;205081;206163;207243;208340;209426;210508;211586;212663;213739;214824;215900;217003;218078;219162;220242;221345;222424;223505;224584;225670;226750;227831;228933;230012;231100;232194;233269;234349;235426;236525;237600;238699;239806;240880;241958;243035;244131;245215;246293;247372;248450;249541;250617;251700;252784;253884;254964;256053;257133;258209;259281;260356;261435;262500;263598;264675;268969;270849;275040;279172;283353;287526;295948;300143;308551;312776;315857;316333;316911
MEMORY;START;22;294;800;1296;1728;2592;2581;2922;2953;705;703;4792;5239;5425;5739;5720;5604;5618;5820;5912;5570;5752;6208;6043;4555;1290;813;868;833;810;832;807;807;795;874;826;19473;5325;5780;5708;5901;5951;5568;6031;6353;5604;5909;5837;6762;5685;5845;6227;5870;6192;5800;5720;5629;5763;6081;5795;6504;5356;5697;6523;6216;5878;6203;6088;5703;6175;5659;6686;6177;6571;5712;6324;5814;5993;5440;6644;5935;6306;5537;6192;5627;6214;5473;6359;6292;5847;6523;6197;6157;5719;5951;6066;5724;6525;5672;6287;6290;6637;5541;6274;6540;6101;6490;5704;5815;6600;5830;6383;5748;5892;5990;6059;5704;6104;5258;5600;7524;5994;5797;7593;5740;6066;6437;6295;6678;6038;6489;5512;5773;6508;6511;6095;6047;5813;6441;6382;6310;6207;6423;6520;6315;6098;6403;6595;6195;5906;6409;6218;6500;5923;5705;5805;6581;5937;6593;5735;6289;5768;5607;6203;6388;5795;6871;5527;6003;6008;6678;6202;6201;6602;7031;6208;6313;5921;6890;6202;6769;6499;6878;6202;6890;5902;6034;6000;6003;6909;6695;5532;6213;6410;6205;6029;5718;6303;6407;6704;5624;5898;6146;6982;6683;6215;6836;6206;6105;6205;5998;6001;6540;6497;6202;6507;6401;6335;6419;6210;6784;6387;6124;6136;6027;6404;5621;5994;5900;6100;7264;6197;6819;6877;6598;6101;6009;6205;6587;6606;6034;6099;6584;33499;49883;66267;82651;99035;99035;131803;148187;180955;207003;207003;26;END
TIME;0;1133;2181;3216;4360;5530;6759;8020;9328;10398;11463;12530;13607;14677;15753;16821;17884;18953;20048;21105;22170;23247;24324;25386;26455;27514;28580;29667;30737;31803;32876;33943;35016;36087;37156;38241;39311;42403;43515;44588;45662;46741;47801;48875;49938;50999;52069;53137;54202;55279;56342;57410;58472;59563;60625;61691;62760;63823;64890;65956;67025;68096;69161;70223;71283;72348;73411;74476;75557;76624;77684;78743;79811;80881;81964;83026;84109;85177;86243;87300;88362;89425;90500;91563;92624;93686;94755;95821;96884;97955;99016;100091;101145;102213;103276;104338;105403;106467;107532;108599;109664;110741;111813;112885;113947;115009;116076;117166;118234;119301;120367;121430;122500;123565;124635;125695;126772;127845;128918;129980;131046;132115;133181;134255;135326;136400;137458;138545;139613;140685;141762;142824;143889;144952;146020;147084;148148;149225;150306;151374;152445;153524;154598;155684;156745;157847;158917;159985;161050;162113;163177;164258;165329;166392;167464;168524;169598;170669;171733;172801;173871;174946;176032;177105;178177;179242;180314;181381;182459;183545;184617;185680;186746;187815;188882;189952;191014;192078;193136;194202;195281;196344;197413;198482;199551;200623;201692;202771;203840;204929;205996;207087;208164;209245;210315;211385;212454;213531;214614;215687;216766;217836;218908;219977;221056;222125;223199;224269;225337;226415;227499;228564;229638;230722;231797;232874;233950;235026;236123;237192;238266;239334;240405;241497;242574;243652;244727;245794;246869;247942;249019;250093;251168;252229;253297;254367;255437;256510;257583;258649;259712;260787;261859;266242;268131;272301;276436;280578;284680;293123;297261;305587;309687;312186;312659;313238
MEMORY;START;21;289;800;1296;1599;2592;2598;2945;700;705;703;5113;5324;5762;5823;5734;5853;4725;5918;5932;5946;5750;6235;6524;3289;1290;839;824;809;803;804;815;820;802;917;845;19473;5326;5581;5736;5864;5976;5980;6245;5319;6366;6008;5555;6063;5898;6302;6032;6296;5938;5934;6006;5793;6133;6639;5366;6302;6335;5832;5981;5810;5943;6190;6190;6196;6101;5686;6176;6270;5490;5674;5667;6097;6320;5760;6994;6428;6190;5748;6145;6381;5946;6280;5976;6739;5810;6743;5834;5658;6183;5672;5896;6333;5892;6213;6392;5933;5620;5571;5756;6053;6122;6152;6265;5438;5644;5887;5562;6077;5428;6044;5914;5772;5988;6295;6228;5141;5529;5950;7094;6106;5912;5996;6199;6492;5934;6327;6535;6190;6492;6679;6153;6229;6101;6245;5636;6260;6397;6386;6489;6774;6401;5625;5991;6004;5898;6304;6519;5536;6784;6595;6691;6013;5720;5706;6046;5858;5709;6102;6389;6012;6213;6578;6883;6505;5909;6887;6209;5838;5824;5716;6308;6801;7124;6401;6208;6315;6871;7372;6577;5900;6019;6222;6439;6392;6209;5932;6901;6593;6509;6797;6593;6411;6585;6124;6003;6694;6195;6105;6205;6241;6292;6399;6303;6198;5909;6033;6399;6785;6595;6106;6523;6412;6208;6225;6315;6097;5922;5901;5924;6205;6793;6786;6289;5998;5712;5898;6188;6211;6319;6330;6407;6119;6504;6203;5849;6702;6399;33499;33499;66267;82651;99035;115419;148187;164571;197339;207003;207003;26;END
TIME;0;1126;2172;3205;4342;5524;6749;8269;9512;10583;11661;12737;13820;14895;15966;17050;18131;19219;20294;21357;22428;23513;24585;25652;26731;27800;28874;29970;31080;32157;33226;34298;35385;36459;37531;38608;41949;43058;44141;45240;46328;47403;48469;49541;50615;51685;52784;53846;54919;55989;57054;58129;59200;60272;61353;62440;63527;64606;65681;66758;67820;68891;69975;71046;72119;73184;74250;75334;76402;77478;78550;79620;80691;81761;82831;83897;84963;86035;87097;88174;89250;90319;91388;92461;93528;94601;95675;96774;97840;98910;99996;101067;102135;103206;104279;105346;106420;107497;108571;109644;110714;111791;112861;113929;115022;116110;117177;118242;119316;120389;121455;122531;123602;124671;125744;126821;127889;128954;130043;131111;132186;133251;134324;135405;136475;137545;138609;139680;140747;141819;142891;143964;145029;146128;147199;148268;149341;150408;151479;152542;153616;154693;155764;156839;157913;158985;160053;161126;162229;163300;164372;165486;166583;167657;168734;169799;170873;171949;173021;174095;175169;176246;177357;178447;179540;180619;181680;182756;183826;184903;185973;187049;188124;189203;190279;191353;192428;193501;194573;195662;196729;197796;198869;199948;201027;202095;203200;204276;205352;206434;207514;208585;209660;210740;211812;212892;213963;215038;216118;217206;218292;219367;220439;221511;222589;223672;224762;225844;226925;228002;229112;230193;231270;232352;233457;234555;235628;236716;237793;238886;239961;241045;242112;243187;244267;245352;246424;247500;248600;249719;250801;251884;252976;254046;255124;256205;257290;258364;259433;260520;261593;262659;266087;267956;271581;275199;278831;282458;291134;294970;302754;306660;309001;309474;310053
MEMORY;START;22;289;800;1249;1753;2592;2694;2953;770;707;706;5582;5260;5325;5487;5658;5602;5590;5661;6607;6126;6706;6617;6407;715;1233;857;836;823;809;870;822;807;821;899;19478;5325;6126;5780;6460;5886;5265;5694;6097;5592;5228;6386;5934;5962;5604;6095;5788;5717;5535;5971;6387;6626;5736;6489;5888;5738;6255;5896;6017;6287;5884;6279;5843;5755;6187;5566;5947;5707;5750;5812;6132;5594;5844;5895;5624;6497;5763;6590;6670;5705;5788;5681;6139;6018;5440;5925;6042;5882;5710;6582;6425;5802;6049;6036;5887;5602;6052;5674;5763;5916;5738;5846;6018;5950;6049;5402;5690;5847;5565;5476;6434;6429;6181;6698;5817;5239;6195;5272;5461;6288;6397;5803;6181;5810;5903;5714;7020;6514;5842;5618;5850;6282;5654;6288;6577;5918;5801;6382;6189;6093;5817;6090;5918;6228;5739;6163;6030;5897;5604;5805;6586;6098;5765;6405;6221;6006;5920;5948;5706;5539;5897;5995;5796;5911;5722;6390;5924;6137;6903;6258;6816;6506;6310;6008;6483;6103;6008;5940;6125;6243;6615;6502;6395;6194;5625;6323;6322;6406;6973;6507;5809;6197;6495;6036;6121;6590;6288;6326;6809;6024;6196;6124;6391;6009;6963;6379;5896;5812;6028;6490;6113;6411;6206;6099;6205;6787;6109;6310;6410;6115;5996;5831;6088;6521;5947;6021;6488;6409;6305;6619;6399;5511;6024;6109;6208;3606;33499;49883;66267;82651;99035;115419;148187;164571;197339;207003;207003;26;END
TIME;0;1086;2128;3164;4310;5489;6740;7975;9194;10456;11538;12602;13674;14753;15850;16945;18035;19150;20257;21331;22401;23501;24576;25647;26770;27844;28909;29979;31129;32209;33280;34346;35422;36494;37566;38660;39731;42820;43897;44977;46060;47132;48206;49291;50361;51436;52504;53583;54649;55721;56822;57914;58991;60082;61155;62225;63303;64378;65452;66539;67630;68700;69767;70871;71942;73013;74120;75197;76283;77355;78424;79499;80576;81645;82719;83791;84861;85931;87009;88090;89158;90231;91316;92388;93461;94536;95624;96702;97774;98848;99919;100988;102066;103160;104229;105302;106384;107466;108544;109619;110696;111770;112847;113927;115009;116081;117153;118229;119301;120379;121456;122536;123606;124679;125749;126823;127897;128966;130039;131113;132189;133268;134345;135418;136484;137563;138635;139707;140781;141861;142953;144021;145096;146166;147233;148306;149381;150455;151530;152601;153689;154762;155839;156933;158003;159115;160191;161267;162348;163421;164513;165583;166656;167732;168806;169883;170965;172042;173121;174203;175308;176382;177458;178538;179617;180711;181789;182860;183932;185004;186071;187144;188236;189315;190424;191494;192582;193656;194739;195821;196905;197986;199071;200145;201246;202320;203411;204493;205577;206653;207734;208824;209905;210985;212061;213147;214230;215311;216403;217476;218564;219644;220718;221800;222906;223986;225062;226144;227230;228342;229421;230498;231574;232656;233750;234826;235909;236991;238080;239187;240270;241383;242481;243588;244670;245745;246855;247937;249017;250092;251189;252270;253347;254434;255528;256617;257721;258793;259869;260940;262019;263106;264176;265248;269030;273147;277304;281437;285545;289677;298088;302273;310585;314741;315960;316430;317013
MEMORY;START;27;289;800;1296;1728;1951;2592;2683;2953;817;707;5320;2734;5416;5767;6103;6030;5319;5587;5532;5925;6548;6422;6022;6031;1216;1293;820;809;817;813;811;807;814;908;845;19473;5327;5859;5735;5663;5910;6639;5470;6145;5752;5989;5352;6110;5614;5997;5881;5823;5674;6298;6005;6301;6005;6246;5694;6512;5689;5567;5742;6572;5762;6100;5352;6040;5505;6688;5854;6692;6269;6047;5697;6136;6396;6397;5834;7171;6230;5994;5351;6095;6408;5385;5742;6115;6034;5555;6038;6207;5896;5497;6569;5844;6215;5563;6452;6180;6284;5927;6228;5885;5995;6044;5947;6002;5726;5634;6252;6199;5594;5942;6217;6239;6390;5640;6039;5506;7124;6098;5770;6745;5837;5424;6324;5709;6492;6219;6394;6597;5666;5910;6194;5623;5774;5703;5516;5726;5823;6778;6314;5714;6088;6291;6558;6620;6010;5893;5751;5957;6195;6291;6116;6290;5860;6651;5850;5628;6003;6692;5729;5927;6107;6291;6493;6137;6402;6087;5766;6093;5810;6189;6290;6485;6333;6204;5920;6215;6757;6327;6115;6008;6483;6097;6297;6701;6301;6321;6165;6508;6525;6126;5627;6684;6405;7081;6798;6581;5606;6402;6612;6607;5710;6234;6426;6305;6878;5627;6823;6011;5718;6303;6915;6312;6212;6602;5712;6308;6115;6116;6602;6606;6306;5806;6624;6000;6299;6094;5748;6105;6119;5838;6388;6222;6840;6695;6708;6164;5907;5756;33499;33499;49883;66267;82651;99035;131803;164571;197339;207003;207008;26;END
